{
	"id": "3d782c01-9c15-463a-be25-6fe10a2001ed",
	"name": "Cisco-AlwaysOn-SD-WAN-Environment",
	"values": [
		{
			"key": "vmanage",
			"value": "sandbox-sdwan-2.cisco.com",
			"enabled": true
		},
		{
			"key": "j_username",
			"value": "devnetuser",
			"enabled": true
		},
		{
			"key": "j_password",
			"value": "RG!_Yw919_83",
			"enabled": true
		},
		{
			"key": "port",
			"value": "443",
			"enabled": true
		},
		{
			"key": "X-XSRF-TOKEN",
			"value": "",
			"enabled": true
		},
		{
			"key": "count",
			"value": "100",
			"enabled": true
		},
		{
			"key": "startDate",
			"value": "2020-04-21T18:00:00",
			"enabled": true
		},
		{
			"key": "endDate",
			"value": "2020-04-21T18:30:00",
			"enabled": true
		},
		{
			"key": "timeZone",
			"value": "BST",
			"enabled": true
		},
		{
			"key": "deviceId",
			"value": "10.10.20.174",
			"enabled": true
		},
		{
			"key": "remoteSystemIp",
			"value": "",
			"enabled": true
		},
		{
			"key": "localColor",
			"value": "",
			"enabled": true
		},
		{
			"key": "remoteColor",
			"value": "",
			"enabled": true
		},
		{
			"key": "color",
			"value": "",
			"enabled": true
		},
		{
			"key": "systemIp",
			"value": "",
			"enabled": true
		},
		{
			"key": "vpnId",
			"value": "",
			"enabled": true
		},
		{
			"key": "isCached",
			"value": "false",
			"enabled": true
		},
		{
			"key": "state",
			"value": "",
			"enabled": true
		},
		{
			"key": "ifName",
			"value": "",
			"enabled": true
		},
		{
			"key": "afType",
			"value": "",
			"enabled": true
		},
		{
			"key": "prefix",
			"value": "",
			"enabled": true
		},
		{
			"key": "nextHop",
			"value": "",
			"enabled": true
		},
		{
			"key": "peerAddr",
			"value": "",
			"enabled": true
		},
		{
			"key": "as",
			"value": "",
			"enabled": true
		},
		{
			"key": "bridgeId",
			"value": "",
			"enabled": true
		},
		{
			"key": "macAddress",
			"value": "",
			"enabled": true
		},
		{
			"key": "copy_cookie",
			"value": "",
			"enabled": true
		}
	],
	"_postman_variable_scope": "environment",
	"_postman_exported_at": "2020-10-30T14:34:53.713Z",
	"_postman_exported_using": "Postman/7.35.0"
}